H GaussMeter (Oe),Mx (emu),,,
-14.534003,2.74E-01,8.53366E-05,8.53366E-05,0
20.620904,2.77E-01,0.000143333,0.000143333,
48.52789,2.81E-01,7.56285E-05,7.56285E-05,
74.97294,2.83E-01,0.000112596,0.000112596,
92.73554,2.85E-01,8.86211E-05,8.86211E-05,
115.303521,2.87E-01,0.000148794,0.000148794,
128.7449,2.89E-01,0.000120188,0.000120188,
145.385498,2.91E-01,0.000110957,0.000110957,
163.410486,2.93E-01,0.000105185,0.000105185,
182.424559,2.95E-01,5.76735E-05,5.76735E-05,
199.76353,2.96E-01,0.000176297,0.000176297,
211.108013,2.98E-01,9.58078E-05,9.58078E-05,
231.983135,3.00E-01,0.000132073,0.000132073,
247.126219,3.02E-01,0.000105727,0.000105727,
266.042774,3.04E-01,0.000102937,0.000102937,
285.472122,3.06E-01,8.43012E-05,8.43012E-05,
309.196572,3.08E-01,0.000116385,0.000116385,
326.380875,3.10E-01,0.000141998,0.000141998,
347.507881,3.13E-01,0.000154458,0.000154458,
366.930584,3.16E-01,4.25051E-05,4.25051E-05,
390.457163,3.17E-01,0.000123711,0.000123711,
406.623905,3.19E-01,7.82996E-05,7.82996E-05,
432.166813,3.21E-01,0.000115008,0.000115008,
449.556976,3.23E-01,0.000107739,0.000107739,
755.853958,3.56E-01,8.00937E-05,8.00937E-05,
780.824699,3.58E-01,9.42265E-05,9.42265E-05,
802.05014,3.60E-01,0.00012685,0.00012685,
817.816803,3.62E-01,0.000148268,0.000148268,
838.050461,3.65E-01,8.65953E-05,8.65953E-05,
861.146416,3.67E-01,9.2404E-05,9.2404E-05,
882.790489,3.69E-01,0.000164918,0.000164918,
900.981331,3.72E-01,0.000102399,0.000102399,
920.512787,3.74E-01,8.06485E-05,8.06485E-05,
945.311775,3.76E-01,0.000108967,0.000108967,
963.666008,3.78E-01,0.000103454,0.000103454,
982.998283,3.80E-01,8.64667E-05,8.64667E-05,
1006.12857,3.82E-01,0.000113782,0.000113782,
1058.860825,3.88E-01,0.00012119,0.00012119,
1108.36969,3.94E-01,9.4194E-05,9.4194E-05,
1161.451645,3.99E-01,9.50745E-05,9.50745E-05,
1214.041977,4.04E-01,0.000107404,0.000107404,
1269.905731,4.10E-01,0.00010099,0.00010099,
1319.415817,4.15E-01,0.000106125,0.000106125,
1375.953049,4.21E-01,0.000100061,0.000100061,
1425.922409,4.26E-01,0.000122451,0.000122451,
1474.921554,4.32E-01,9.2379E-05,9.2379E-05,
1529.046402,4.37E-01,9.86246E-05,9.86246E-05,
1579.743683,4.42E-01,0.000114236,0.000114236,
1632.266449,4.48E-01,9.1015E-05,9.1015E-05,
1687.202438,4.53E-01,0.000124668,0.000124668,
1735.330292,4.59E-01,9.2568E-05,9.2568E-05,
1789.34465,4.64E-01,0.000101488,0.000101488,
1838.61142,4.69E-01,8.7251E-05,8.7251E-05,
1895.917374,4.74E-01,0.000124598,0.000124598,
1944.072113,4.80E-01,9.84584E-05,9.84584E-05,
1994.854981,4.85E-01,9.55037E-05,9.55037E-05,
2047.209,4.90E-01,9.7765E-05,9.7765E-05,
2262.009766,5.11E-01,0.000104521,0.000104521,
2472.492981,5.33E-01,9.99987E-05,9.99987E-05,
2682.495788,5.54E-01,0.000101975,0.000101975,
2888.429077,5.75E-01,9.99527E-05,9.99527E-05,
3098.528442,5.96E-01,9.98523E-05,9.98523E-05,
3298.824249,6.16E-01,9.69622E-05,9.69622E-05,
3505.09021,6.36E-01,9.60519E-05,9.60519E-05,
3702.899872,6.55E-01,0.000100344,0.000100344,
3902.214325,6.75E-01,9.67274E-05,9.67274E-05,
4098.6427,6.94E-01,9.38246E-05,9.38246E-05,
4301.148254,7.13E-01,0.000101741,0.000101741,
4497.72644,7.33E-01,9.53916E-05,9.53916E-05,
4696.905395,7.52E-01,8.92394E-05,8.92394E-05,
4898.610107,7.70E-01,9.40692E-05,9.40692E-05,
5100.588989,7.89E-01,8.93023E-05,8.93023E-05,
5302.15155,8.07E-01,9.19358E-05,9.19358E-05,
5497.940307,8.25E-01,9.5309E-05,9.5309E-05,
5697.291992,8.44E-01,8.61818E-05,8.61818E-05,
5906.15271,8.62E-01,9.03346E-05,9.03346E-05,
6105.411926,8.80E-01,8.5635E-05,8.5635E-05,
7121.351868,9.67E-01,8.33857E-05,8.33857E-05,
8116.726257,1.05E+00,7.17431E-05,7.17431E-05,
9092.429443,1.12E+00,7.37379E-05,7.37379E-05,
10041.73731,1.19E+00,7.41476E-05,7.41476E-05,
10985.80042,1.26E+00,6.36244E-05,6.36244E-05,
11928.8346,1.32E+00,6.55067E-05,6.55067E-05,
12844.77136,1.38E+00,5.43757E-05,5.43757E-05,
13764.30029,1.43E+00,5.36688E-05,5.36688E-05,
14695.94067,1.48E+00,5.53028E-05,5.53028E-05,
15600.05444,1.53E+00,4.19625E-05,4.19625E-05,
16553.28589,1.57E+00,4.13857E-05,4.13857E-05,
17519.80396,1.61E+00,4.27105E-05,4.27105E-05,
18456.34277,1.65E+00,1.14932E-05,1.14932E-05,
19326.42529,1.66E+00,0,0,
19321.39282,1.66E+00,1.36649E-05,1.36649E-05,
18589.58838,1.65E+00,2.65061E-05,2.65061E-05,
17835.04541,1.63E+00,3.46984E-05,3.46984E-05,
16970.45117,1.60E+00,3.511E-05,3.511E-05,
16115.99475,1.57E+00,4.82044E-05,4.82044E-05,
15286.19446,1.53E+00,5.69928E-05,5.69928E-05,
14408.8905,1.48E+00,5.66485E-05,5.66485E-05,
13526.25403,1.43E+00,5.52529E-05,5.52529E-05,
12621.32373,1.38E+00,7.40724E-05,7.40724E-05,
11676.30249,1.31E+00,6.4322E-05,6.4322E-05,
10743.495,1.25E+00,7.22468E-05,7.22468E-05,
9774.59375,1.18E+00,7.11931E-05,7.11931E-05,
8791.353027,1.11E+00,8.00193E-05,8.00193E-05,
7791.593994,1.03E+00,7.74822E-05,7.74822E-05,
6784.911438,9.52E-01,8.30483E-05,8.30483E-05,
6592.252564,9.36E-01,8.03444E-05,8.03444E-05,
6380.663391,9.19E-01,8.0405E-05,8.0405E-05,
6181.670776,9.03E-01,8.48333E-05,8.48333E-05,
5981.277832,8.86E-01,7.84574E-05,7.84574E-05,
5777.345398,8.70E-01,8.6113E-05,8.6113E-05,
5579.930359,8.53E-01,8.35109E-05,8.35109E-05,
5376.364197,8.36E-01,8.47515E-05,8.47515E-05,
5175.77771,8.19E-01,8.4843E-05,8.4843E-05,
4975.407654,8.02E-01,8.78568E-05,8.78568E-05,
4770.52887,7.84E-01,8.56298E-05,8.56298E-05,
4571.999878,7.67E-01,8.60858E-05,8.60858E-05,
4362.90625,7.49E-01,8.88664E-05,8.88664E-05,
4160.354919,7.31E-01,8.61882E-05,8.61882E-05,
3951.509613,7.13E-01,9.07903E-05,9.07903E-05,
3742.236175,6.94E-01,8.82742E-05,8.82742E-05,
3526.997833,6.75E-01,8.99253E-05,8.99253E-05,
3315.711365,6.56E-01,9.23135E-05,9.23135E-05,
3099.058411,6.36E-01,9.08684E-05,9.08684E-05,
2878.959808,6.16E-01,9.29122E-05,9.29122E-05,
2663.70285,5.96E-01,9.49546E-05,9.49546E-05,
2611.046112,5.91E-01,9.30822E-05,9.30822E-05,
2557.33017,5.86E-01,9.15943E-05,9.15943E-05,
2502.741638,5.81E-01,9.37382E-05,9.37382E-05,
2449.401581,5.76E-01,9.91605E-05,9.91605E-05,
2398.978302,5.71E-01,8.65506E-05,8.65506E-05,
2341.208618,5.66E-01,9.958E-05,9.958E-05,
2290.997742,5.61E-01,8.91693E-05,8.91693E-05,
2234.924622,5.56E-01,0.000118253,0.000118253,
2184.185761,5.50E-01,8.83467E-05,8.83467E-05,
2127.590576,5.45E-01,9.05161E-05,9.05161E-05,
2072.351776,5.40E-01,9.23262E-05,9.23262E-05,
2018.195984,5.35E-01,8.4724E-05,8.4724E-05,
1959.180832,5.30E-01,9.06968E-05,9.06968E-05,
1904.052124,5.25E-01,0.000122568,0.000122568,
1855.099808,5.19E-01,8.06507E-05,8.06507E-05,
1793.10408,5.14E-01,0.000108862,0.000108862,
1737.988419,5.08E-01,9.47493E-05,9.47493E-05,
1685.217575,5.03E-01,8.36532E-05,8.36532E-05,
1625.447006,4.98E-01,0.000120091,0.000120091,
1575.484894,4.92E-01,8.8484E-05,8.8484E-05,
1552.881927,4.90E-01,9.19291E-05,9.19291E-05,
1531.126038,4.88E-01,7.9954E-05,7.9954E-05,
1506.111649,4.86E-01,0.000141695,0.000141695,
1484.939438,4.83E-01,8.22329E-05,8.22329E-05,
1460.618286,4.81E-01,8.08884E-05,8.08884E-05,
1435.892853,4.79E-01,9.31812E-05,9.31812E-05,
1414.429306,4.77E-01,0.000102688,0.000102688,
1394.952865,4.75E-01,0.000145595,0.000145595,
1374.347824,4.72E-01,7.7574E-05,7.7574E-05,
1348.565979,4.70E-01,7.99324E-05,7.99324E-05,
1323.54483,4.68E-01,8.36466E-05,8.36466E-05,
1299.634705,4.66E-01,0.000100086,0.000100086,
1279.651962,4.64E-01,0.000124032,0.000124032,
1255.464737,4.61E-01,9.27538E-05,9.27538E-05,
1233.902267,4.59E-01,8.5786E-05,8.5786E-05,
1210.58844,4.57E-01,7.862E-05,7.862E-05,
1185.149628,4.55E-01,0.00013029,0.00013029,
1162.1241,4.52E-01,8.90286E-05,8.90286E-05,
1139.659409,4.50E-01,9.59936E-05,9.59936E-05,
1118.824677,4.48E-01,0.000120942,0.000120942,
1094.01944,4.45E-01,8.10237E-05,8.10237E-05,
1069.335297,4.43E-01,0.000110847,0.000110847,
1051.292465,4.41E-01,0.000134493,0.000134493,
1028.986481,4.38E-01,6.72959E-05,6.72959E-05,
999.266968,4.36E-01,0.000112989,0.000112989,
981.566131,4.34E-01,0.000113072,0.000113072,
955.034363,4.31E-01,8.05745E-05,8.05745E-05,
930.212609,4.29E-01,0.000144651,0.000144651,
909.473099,4.26E-01,8.08204E-05,8.08204E-05,
884.726883,4.24E-01,7.92806E-05,7.92806E-05,
859.500015,4.22E-01,0.000125921,0.000125921,
835.675537,4.19E-01,7.9338E-05,7.9338E-05,
810.466927,4.17E-01,0.000138747,0.000138747,
788.844803,4.14E-01,7.83468E-05,7.83468E-05,
763.317284,4.12E-01,8.45933E-05,8.45933E-05,
739.674751,4.10E-01,0.000137744,0.000137744,
717.895203,4.07E-01,9.62304E-05,9.62304E-05,
697.111748,4.05E-01,0.000104235,0.000104235,
677.924271,4.03E-01,8.72677E-05,8.72677E-05,
655.006294,4.01E-01,0.000129956,0.000129956,
631.921501,3.98E-01,0.000121696,0.000121696,
615.48706,3.96E-01,8.44404E-05,8.44404E-05,
591.801712,3.94E-01,8.68607E-05,8.68607E-05,
568.776344,3.92E-01,9.33467E-05,9.33467E-05,
547.35083,3.90E-01,0.000116015,0.000116015,
521.492065,3.87E-01,0.000132474,0.000132474,
498.846142,3.84E-01,0.000103159,0.000103159,
469.764904,3.81E-01,9.59198E-05,9.59198E-05,
428.063389,3.77E-01,0.000108386,0.000108386,
381.931896,3.72E-01,0.000114181,0.000114181,
346.899777,3.68E-01,0.000104804,0.000104804,
318.275001,3.65E-01,7.6342E-05,7.6342E-05,
292.077103,3.63E-01,0.00010658,0.00010658,
263.929226,3.60E-01,0.000132865,0.000132865,
241.349882,3.57E-01,0.000107211,0.000107211,
222.695164,3.55E-01,0.000104079,0.000104079,
203.479073,3.53E-01,8.12847E-05,8.12847E-05,
178.87421,3.51E-01,9.54857E-05,9.54857E-05,
157.928675,3.49E-01,9.80056E-05,9.80056E-05,
137.521673,3.47E-01,0.000179226,0.000179226,
120.782998,3.44E-01,7.87978E-05,7.87978E-05,
95.40157,3.42E-01,0.000118888,0.000118888,
70.167807,3.39E-01,0.000104062,0.000104062,
50.948493,3.37E-01,0.000118697,0.000118697,
25.67411,3.34E-01,0.000105118,0.000105118,
6.64781,3.32E-01,0.000305161,0.000305161,
-22.84485,3.23E-01,-0.000156209,10000,
-48.45157,3.27E-01,0.000134521,0.000134521,
-70.752925,3.24E-01,9.83372E-05,9.83372E-05,
-91.091101,3.22E-01,0.000110563,0.000110563,
-118.224874,3.19E-01,8.4537E-05,8.4537E-05,
-141.883147,3.17E-01,0.000138094,0.000138094,
-163.607491,3.14E-01,7.66344E-05,7.66344E-05,
-189.705416,3.12E-01,0.000154295,0.000154295,
-209.14871,3.09E-01,7.87415E-05,7.87415E-05,
-234.548264,3.07E-01,0.00014734,0.00014734,
-254.909342,3.04E-01,7.54808E-05,7.54808E-05,
-281.406151,3.02E-01,0.000128967,0.000128967,
-304.667965,2.99E-01,0.000100937,0.000100937,
-324.482399,2.97E-01,0.000111347,0.000111347,
-351.425133,2.94E-01,9.44253E-05,9.44253E-05,
-372.605896,2.92E-01,0.000114975,0.000114975,
-398.698532,2.89E-01,0.000134147,0.000134147,
-421.062016,2.86E-01,0.000102723,0.000102723,
-440.531921,2.84E-01,0.000115628,0.000115628,
-466.477204,2.81E-01,8.66701E-05,8.66701E-05,
-489.553223,2.79E-01,0.000128534,0.000128534,
-512.893273,2.76E-01,0.000105856,0.000105856,
-531.786781,2.74E-01,0.00013023,0.00013023,
-554.823006,2.71E-01,7.8861E-05,7.8861E-05,
-580.184082,2.69E-01,0.000118543,0.000118543,
-605.491409,2.66E-01,0.000112506,0.000112506,
-623.268272,2.64E-01,0.000118963,0.000118963,
-648.48613,2.61E-01,7.916E-05,7.916E-05,
-673.751411,2.59E-01,0.000133842,0.000133842,
-696.165825,2.56E-01,0.000104617,0.000104617,
-715.283224,2.54E-01,0.000136639,0.000136639,
-737.238945,2.51E-01,9.08638E-05,9.08638E-05,
-759.249901,2.49E-01,0.000125551,0.000125551,
-783.144501,2.46E-01,0.000101828,0.000101828,
-842.067131,2.40E-01,0.000131423,0.000131423,
-895.330223,2.33E-01,0.000101886,0.000101886,
-954.219414,2.27E-01,0.00010579,0.00010579,
-1010.935707,2.21E-01,0.000138309,0.000138309,
-1061.547165,2.14E-01,0.000101784,0.000101784,
-1120.495758,2.08E-01,0.00010505,0.00010505,
-1177.61152,2.02E-01,0.000115566,0.000115566,
-1229.529968,1.96E-01,0.000127291,0.000127291,
-1284.522049,1.89E-01,0.00012248,0.00012248,
-1341.674438,1.82E-01,0.000112382,0.000112382,
-1395.063629,1.76E-01,0.000110125,0.000110125,
-1449.547409,1.70E-01,0.000122957,0.000122957,
-1506.477951,1.63E-01,0.000112655,0.000112655,
-1559.737976,1.57E-01,0.000125999,0.000125999,
-1615.294067,1.50E-01,0.000134981,0.000134981,
-1667.153031,1.43E-01,0.000106572,0.000106572,
-1723.453018,1.37E-01,0.000130155,0.000130155,
-1777.235108,1.30E-01,0.000121973,0.000121973,
-1834.624939,1.23E-01,0.000128607,0.000128607,
-1889.05423,1.16E-01,0.000134547,0.000134547,
-2107.565033,8.66E-02,0.000144314,0.000144314,
-2327.225372,5.49E-02,0.000153947,0.000153947,
-2547.430756,2.10E-02,0.000165882,0.000165882,
-2763.849853,-1.49E-02,0.000185025,0.000185025,
-2973.010956,-5.36E-02,0.000202602,0.000202602,
-3178.833466,-9.53E-02,0.000207817,0.000207817,
-3393.9263,-1.40E-01,0.000226673,0.000226673,
-3601.273102,-1.87E-01,0.000246692,0.000246692,
-3803.954712,-2.37E-01,0.000252282,0.000252282,
-4010.073151,-2.89E-01,0.00026093,0.00026093,
-4213.192932,-3.42E-01,0.00027173,0.00027173,
-4415.599732,-3.97E-01,0.000266221,0.000266221,
-4622.195007,-4.52E-01,0.000261899,0.000261899,
-4828.381165,-5.06E-01,0.000253493,0.000253493,
-5033.515015,-5.58E-01,0.000243267,0.000243267,
-5239.050415,-6.08E-01,0.000241656,0.000241656,
-5437.679627,-6.56E-01,0.000208502,0.000208502,
-5648.708923,-7.00E-01,0.00020828,0.00020828,
-5855.161621,-7.43E-01,0.000181251,0.000181251,
-6059.29834,-7.80E-01,0.000140654,0.000140654,
-7097.303589,-9.26E-01,0.000101201,0.000101201,
-8124.965881,-1.03E+00,7.95531E-05,7.95531E-05,
-9130.583984,-1.11E+00,7.10867E-05,7.10867E-05,
-10115.29749,-1.18E+00,7.1395E-05,7.1395E-05,
-11095.75781,-1.25E+00,6.09529E-05,6.09529E-05,
-12080.12402,-1.31E+00,6.21787E-05,6.21787E-05,
-13045.08435,-1.37E+00,6.23175E-05,6.23175E-05,
-14007.89612,-1.43E+00,5.05805E-05,5.05805E-05,
-14996.42029,-1.48E+00,5.18172E-05,5.18172E-05,
-15961.35083,-1.53E+00,2.99021E-05,2.99021E-05,
-16964.62598,-1.56E+00,6.1036E-05,6.1036E-05,
-17947.65234,-1.62E+00,1.98918E-05,1.98918E-05,
-18953.09058,-1.64E+00,2.23351E-05,2.23351E-05,
-19848.54395,-1.66E+00,0,0,
-19855.19702,-1.66E+00,1.32238E-05,1.32238E-05,
-19098.98486,-1.65E+00,2.65667E-05,2.65667E-05,
-18346.16235,-1.63E+00,3.3039E-05,3.3039E-05,
-17438.14453,-1.60E+00,4.61918E-05,4.61918E-05,
-16572.18945,-1.56E+00,4.70017E-05,4.70017E-05,
-15721.15698,-1.52E+00,4.41461E-05,4.41461E-05,
-14815.07556,-1.48E+00,5.59654E-05,5.59654E-05,
-13921.66675,-1.43E+00,6.48868E-05,6.48868E-05,
-12996.97937,-1.37E+00,6.26159E-05,6.26159E-05,
-12038.75647,-1.31E+00,6.20008E-05,6.20008E-05,
-11071.02722,-1.25E+00,7.18866E-05,7.18866E-05,
-10097.271,-1.18E+00,7.97903E-05,7.97903E-05,
-9094.642456,-1.10E+00,6.88489E-05,6.88489E-05,
-8077.923767,-1.03E+00,7.90508E-05,7.90508E-05,
-7053.266846,-9.49E-01,7.98585E-05,7.98585E-05,
-6852.912353,-9.33E-01,8.04756E-05,8.04756E-05,
-6641.668274,-9.16E-01,7.855E-05,7.855E-05,
-6437.97644,-9.00E-01,8.43557E-05,8.43557E-05,
-6236.448914,-8.83E-01,7.8383E-05,7.8383E-05,
-6032.323059,-8.67E-01,8.7068E-05,8.7068E-05,
-5825.588074,-8.49E-01,7.79016E-05,7.79016E-05,
-5620.200684,-8.33E-01,8.80035E-05,8.80035E-05,
-5415.66333,-8.15E-01,8.39006E-05,8.39006E-05,
-5213.042602,-7.98E-01,8.78935E-05,8.78935E-05,
-5008.249328,-7.80E-01,8.30105E-05,8.30105E-05,
-4803.455994,-7.63E-01,8.31332E-05,8.31332E-05,
-4598.964783,-7.46E-01,8.13739E-05,8.13739E-05,
-4390.052612,-7.29E-01,8.51009E-05,8.51009E-05,
-4178.53894,-7.11E-01,8.505E-05,8.505E-05,
-3966.898712,-6.93E-01,9.21931E-05,9.21931E-05,
-3760.80957,-6.74E-01,8.72635E-05,8.72635E-05,
-3543.078186,-6.55E-01,9.10777E-05,9.10777E-05,
-3323.485504,-6.35E-01,8.96421E-05,8.96421E-05,
-3100.37616,-6.15E-01,9.33202E-05,9.33202E-05,
-2886.060364,-5.95E-01,9.34942E-05,9.34942E-05,
-2832.581085,-5.90E-01,7.39307E-05,7.39307E-05,
-2778.476379,-5.86E-01,9.42076E-05,9.42076E-05,
-2725.4021,-5.81E-01,7.60486E-05,7.60486E-05,
-2672.804138,-5.77E-01,0.000109066,0.000109066,
-2617.791779,-5.71E-01,8.72095E-05,8.72095E-05,
-2560.458557,-5.66E-01,9.95414E-05,9.95414E-05,
-2510.22818,-5.61E-01,0.000104545,0.000104545,
-2452.836426,-5.55E-01,9.12466E-05,9.12466E-05,
-2398.039856,-5.50E-01,8.91196E-05,8.91196E-05,
-2341.935455,-5.45E-01,8.86484E-05,8.86484E-05,
-2285.532868,-5.40E-01,0.000109452,0.000109452,
-2230.714234,-5.34E-01,0.000113565,0.000113565,
-2177.881134,-5.28E-01,5.4343E-05,5.4343E-05,
-2122.67627,-5.25E-01,9.08622E-05,9.08622E-05,
-2067.647888,-5.20E-01,8.59508E-05,8.59508E-05,
-2009.475097,-5.15E-01,0.000108656,0.000108656,
-1954.254791,-5.09E-01,0.000114456,0.000114456,
-1901.832825,-5.03E-01,9.75731E-05,9.75731E-05,
-1840.340439,-4.97E-01,9.21755E-05,9.21755E-05,
-1786.096115,-4.92E-01,9.82153E-05,9.82153E-05,
-1765.732696,-4.90E-01,9.3909E-05,9.3909E-05,
-1744.435486,-4.88E-01,8.84069E-05,8.84069E-05,
-1721.812821,-4.86E-01,0.000134698,0.000134698,
-1699.540772,-4.83E-01,8.6151E-05,8.6151E-05,
-1676.325714,-4.81E-01,9.14366E-05,9.14366E-05,
-1654.452637,-4.79E-01,8.23355E-05,8.23355E-05,
-1630.161789,-4.77E-01,0.000105336,0.000105336,
-1601.681579,-4.74E-01,9.34497E-05,9.34497E-05,
-1580.279694,-4.72E-01,0.000115168,0.000115168,
-1562.913696,-4.70E-01,0.000123777,0.000123777,
-1538.676544,-4.67E-01,8.50782E-05,8.50782E-05,
-1515.168762,-4.65E-01,8.56381E-05,8.56381E-05,
-1491.814667,-4.63E-01,0.000119358,0.000119358,
-1466.680145,-4.60E-01,9.70899E-05,9.70899E-05,
-1446.080673,-4.58E-01,9.19032E-05,9.19032E-05,
-1424.318634,-4.56E-01,0.000113693,0.000113693,
-1397.931702,-4.53E-01,0.000173963,0.000173963,
-1374.938355,-4.49E-01,0.000298845,0.000298845,
-1354.861038,-4.43E-01,7.26332E-05,7.26332E-05,
-1327.325439,-4.41E-01,0.000101377,0.000101377,
-1307.597031,-4.39E-01,0.000142461,0.000142461,
-1286.538605,-4.36E-01,8.20029E-05,8.20029E-05,
-1262.149231,-4.34E-01,6.88973E-05,6.88973E-05,
-1233.120529,-4.32E-01,8.78583E-05,8.78583E-05,
-1210.356598,-4.30E-01,0.000108185,0.000108185,
-1191.869705,-4.28E-01,8.04605E-05,8.04605E-05,
-1167.012802,-4.26E-01,0.000128909,0.000128909,
-1143.74054,-4.23E-01,8.59772E-05,8.59772E-05,
-1120.478561,-4.21E-01,0.000122964,0.000122964,
-1096.081238,-4.18E-01,7.55431E-05,7.55431E-05,
-1069.606293,-4.16E-01,9.36508E-05,9.36508E-05,
-1048.250366,-4.14E-01,0.000129339,0.000129339,
-1025.055542,-4.11E-01,8.22229E-05,8.22229E-05,
-1000.731407,-4.09E-01,0.000126541,0.000126541,
-977.023613,-4.06E-01,7.49168E-05,7.49168E-05,
-950.327347,-4.04E-01,0.000126751,0.000126751,
-926.658814,-4.01E-01,0.000100702,0.000100702,
-906.798157,-3.99E-01,8.99973E-05,8.99973E-05,
-884.575272,-3.97E-01,8.24339E-05,8.24339E-05,
-860.3134,-3.95E-01,0.000137224,0.000137224,
-838.451286,-3.92E-01,0.000121725,0.000121725,
-822.020843,-3.90E-01,8.72047E-05,8.72047E-05,
-799.086311,-3.88E-01,8.81746E-05,8.81746E-05,
-776.404037,-3.86E-01,0.000155883,0.000155883,
-763.573898,-3.84E-01,7.12088E-05,7.12088E-05,
-735.487472,-3.82E-01,0.00010323,0.00010323,
-706.426163,-3.79E-01,0.000125744,0.000125744,
-682.56823,-3.76E-01,0.000103792,0.000103792,
-653.664246,-3.73E-01,0.000103711,0.000103711,
-615.095711,-3.69E-01,0.000105622,0.000105622,
-567.756881,-3.64E-01,0.000111159,0.000111159,
-531.772339,-3.60E-01,0.000104685,0.000104685,
-503.114876,-3.57E-01,0.000110748,0.000110748,
-476.026268,-3.54E-01,8.13261E-05,8.13261E-05,
-451.433914,-3.52E-01,8.69717E-05,8.69717E-05,
-428.437927,-3.50E-01,0.000124968,0.000124968,
-404.431797,-3.47E-01,8.53779E-05,8.53779E-05,
-381.006542,-3.45E-01,0.000106597,0.000106597,
-362.244354,-3.43E-01,9.97296E-05,9.97296E-05,
-342.190128,-3.41E-01,0.00014163,0.00014163,
-328.068821,-3.39E-01,0.000119504,0.000119504,
-302.965073,-3.36E-01,7.95543E-05,7.95543E-05,
-277.82502,-3.34E-01,0.000138311,0.000138311,
-256.134718,-3.31E-01,8.23206E-05,8.23206E-05,
-231.839468,-3.29E-01,0.000149329,0.000149329,
-211.749664,-3.26E-01,7.54998E-05,7.54998E-05,
-185.259512,-3.24E-01,0.000126257,0.000126257,
-161.498373,-3.21E-01,8.90969E-05,8.90969E-05,
-139.050896,-3.19E-01,0.00010548,0.00010548,
-110.609486,-3.16E-01,0.000107015,0.000107015,
-91.920602,-3.14E-01,0.000112219,0.000112219,
-65.187232,-3.11E-01,0.000144061,0.000144061,
-44.362748,-3.08E-01,8.33909E-05,8.33909E-05,
-20.379314,-3.06E-01,0.000122348,0.000122348,
4.140932,-3.03E-01,8.95693E-05,8.95693E-05,
26.469999,-3.01E-01,0.000117206,0.000117206,
52.065945,-2.98E-01,8.26196E-05,8.26196E-05,
76.273265,-2.96E-01,0.000154242,0.000154242,
95.723258,-2.93E-01,7.65762E-05,7.65762E-05,
121.841031,-2.91E-01,0.000135298,0.000135298,
144.01432,-2.88E-01,0.0001184,0.0001184,
169.352245,-2.85E-01,9.6956E-05,9.6956E-05,
189.980154,-2.83E-01,0.000138278,0.000138278,
211.675555,-2.80E-01,0.000106491,0.000106491,
230.456491,-2.78E-01,0.000108186,0.000108186,
258.186443,-2.75E-01,9.0891E-05,9.0891E-05,
280.190815,-2.73E-01,0.000132724,0.000132724,
302.794189,-2.70E-01,9.20743E-05,9.20743E-05,
324.515766,-2.68E-01,0.000130993,0.000130993,
347.417725,-2.65E-01,6.96384E-05,6.96384E-05,
376.137505,-2.63E-01,0.000128538,0.000128538,
399.47694,-2.60E-01,0.000158663,0.000158663,
418.384979,-2.57E-01,7.29911E-05,7.29911E-05,
445.785589,-2.55E-01,0.000130853,0.000130853,
468.712128,-2.52E-01,8.53086E-05,8.53086E-05,
492.156429,-2.50E-01,8.93038E-05,8.93038E-05,
514.551895,-2.48E-01,0.000174069,0.000174069,
531.786445,-2.45E-01,7.10163E-05,7.10163E-05,
559.948982,-2.43E-01,0.000126274,0.000126274,
583.706825,-2.40E-01,0.000111605,0.000111605,
637.467926,-2.34E-01,0.00012766,0.00012766,
692.301079,-2.27E-01,0.000107235,0.000107235,
748.253097,-2.21E-01,0.000103528,0.000103528,
806.208333,-2.15E-01,0.000121998,0.000121998,
863.586349,-2.08E-01,0.000106957,0.000106957,
919.683426,-2.02E-01,0.000114745,0.000114745,
971.973335,-1.96E-01,0.000129322,0.000129322,
1026.101792,-1.89E-01,0.000101536,0.000101536,
1085.194367,-1.83E-01,0.000115719,0.000115719,
1137.044296,-1.77E-01,0.000134959,0.000134959,
1196.321625,-1.69E-01,0.000110567,0.000110567,
1250.587174,-1.63E-01,0.000139102,0.000139102,
1300.909897,-1.56E-01,0.000109325,0.000109325,
1355.792277,-1.50E-01,0.000131153,0.000131153,
1409.165161,-1.43E-01,0.000107838,0.000107838,
1464.804428,-1.37E-01,0.000130489,0.000130489,
1518.448929,-1.30E-01,0.000117216,0.000117216,
1578.167984,-1.23E-01,0.000140442,0.000140442,
1628.010681,-1.16E-01,0.000125183,0.000125183,
1683.928879,-1.09E-01,0.000133791,0.000133791,
1901.432373,-7.99E-02,0.000141875,0.000141875,
2123.4581,-4.84E-02,0.000153267,0.000153267,
2342.030853,-1.49E-02,0.000166491,0.000166491,
2558.259138,2.11E-02,0.000182331,0.000182331,
2769.414001,5.96E-02,0.000201741,0.000201741,
2974.627838,1.01E-01,0.000202781,0.000202781,
3191.61084,1.45E-01,0.000225966,0.000225966,
3395.181305,1.91E-01,0.000236374,0.000236374,
3602.479889,2.40E-01,0.000260344,0.000260344,
3802.215454,2.92E-01,0.000256198,0.000256198,
4005.183136,3.44E-01,0.000267359,0.000267359,
4207.158936,3.98E-01,0.000264965,0.000264965,
4410.959229,4.52E-01,0.000255919,0.000255919,
4618.055908,5.05E-01,0.000254142,0.000254142,
4822.665711,5.57E-01,0.000247232,0.000247232,
5020.859985,6.06E-01,0.000234417,0.000234417,
5221.357727,6.53E-01,0.00021384,0.00021384,
5427.118775,6.97E-01,0.000196172,0.000196172,
5641.216369,7.39E-01,0.000186795,0.000186795,
5839.294251,7.76E-01,0.000140937,0.000140937,
6868.12555,9.21E-01,9.7376E-05,9.7376E-05,
7884.802734,1.02E+00,8.07462E-05,8.07462E-05,
8875.561035,1.10E+00,8.28947E-05,8.28947E-05,
9840.641113,1.18E+00,6.17776E-05,6.17776E-05,
10811.86646,1.24E+00,7.2023E-05,7.2023E-05,
11783.77771,1.31E+00,6.42022E-05,6.42022E-05,
12718.3252,1.37E+00,6.27149E-05,6.27149E-05,
13675.0354,1.43E+00,5.17175E-05,5.17175E-05,
14641.82544,1.48E+00,5.35063E-05,5.35063E-05,
15576.29407,1.53E+00,5.08002E-05,5.08002E-05,
16560.54248,1.58E+00,4.06237E-05,4.06237E-05,
17545.18823,1.62E+00,3.15384E-05,3.15384E-05,
18496.41064,1.65E+00,1.1385E-05,1.1385E-05,
19374.75879,1.66E+00,8.56785E-05,8.56785E-05,
